,Celulares,Precios
0,Apple iPhone 13 128GB,812.0
1,Apple iPhone 13 Pro Max 128GB,1110.0
2,Apple iPhone 13 Pro 128GB,1084.0
3,Samsung Galaxy S22+ SM-S906E Dual Chip 256GB 5G,900.0
4,Samsung Galaxy S22 SM-S901E Dual Chip 256GB 5G,780.0
5,Samsung Galaxy S22 Ultra SM-S908E Dual Chip 256GB 5G,1110.0
6,Apple iPhone XR 64GB Recondicionado,245.0
7,Apple iPhone XR 128GB Recondicionado,290.0
8,Xiaomi Redmi 9A Dual Chip 32GB 4G Global,91.75
9,Apple iPhone 8 Plus 64GB Recondicionado,220.0
10,Apple iPhone 13 256GB,879.0
11,Apple iPhone 11 64GB,505.0
12,Xiaomi Redmi 9C Dual Chip 64GB 4G Global,115.5
13,Apple iPhone 11 128GB Recondicionado,410.0
14,Apple iPhone 13 Pro 256GB,1169.0
15,Apple iPhone 7 Plus 128GB Recondicionado,180.0
16,Apple iPhone 8 64GB Recondicionado,147.0
17,Apple iPhone 13 Pro Max 256GB,1272.0
18,Xiaomi Redmi Note 11 Dual Chip 128GB 4G - RAM 4GB Global,174.5
19,Apple iPhone 11 64GB Recondicionado,368.0
20,Xiaomi Redmi Note 11 Dual Chip 128GB 4G - RAM 6GB Global,188.0
21,Xiaomi Redmi Note 10S Dual Chip 128GB 4G - RAM 6GB Global,186.0
22,Apple iPhone 12 64GB Recondicionado,495.0
23,Apple iPhone 11 128GB,585.0
24,Xiaomi Redmi 9C Dual Chip 128GB 4G Global,129.0
25,Xiaomi Poco X4 Pro Dual Chip 256GB 5G Global,297.0
26,Apple iPhone 11 Pro Max 64GB Recondicionado,530.0
27,Xiaomi Redmi 10A Dual Chip 32GB 4G Global,106.5
28,Xiaomi Redmi 9i Sport Dual Chip 64GB 4G Índia / Indonésia,111.0
29,Apple iPhone 8 Plus 256GB Recondicionado,275.0
30,Samsung Galaxy A13 SM-A135M Dual Chip 64GB 4G,148.75
31,Realme C11 RMX3231 Dual Chip 32GB 4G,85.0
32,Apple iPhone 12 64GB,574.0
33,Samsung Galaxy A32 SM-A325M Dual Chip 128GB 4G,211.0
34,Xiaomi Redmi 10 Dual Chip 128GB 4G - RAM 4GB Global,151.75
35,Apple iPhone 11 Pro Max 256GB Recondicionado,500.0
36,Xiaomi Redmi 10 Dual Chip 64GB 4G Global,143.5
37,Xiaomi Redmi 10C Dual Chip 64GB 4G Global,129.5
38,Samsung Galaxy A22 SM-A225M Dual Chip 128GB 4G,181.0
39,Xiaomi Redmi Note 11S Dual Chip 128GB 4G - RAM 6GB Global,210.5
40,Xiaomi Redmi 10C Dual Chip 128GB 4G Global,139.5
41,Apple iPhone XS 64GB Recondicionado,250.0
42,Apple iPhone XS 256GB Recondicionado,308.0
43,Samsung Galaxy A52 SM-A525M Dual Chip 128GB 4G,232.0
44,Xiaomi Redmi Note 10 Pro Dual Chip 128GB 4G - RAM 6GB Global,218.25
45,Apple iPhone XS Max 64GB Recondicionado,299.0
46,Blu Z4 Music Z251 Dual Chip,11.9
47,Apple iPhone 11 Pro 64GB Recondicionado,425.0
48,Apple iPhone 12 128GB Recondicionado,543.0
49,Samsung Galaxy A03 Core SM-A032M Dual Chip 32GB 4G,92.0
50,Xiaomi Redmi Note 11S Dual Chip 128GB 5G Global,212.75
51,Xiaomi 11 Lite NE Dual Chip 256GB 5G Global,327.0
52,Xiaomi Redmi Note 11 Dual Chip 64GB 4G Global,161.75
53,Samsung Galaxy A03 SM-A035M Dual Chip 64GB 4G,119.7
54,Xiaomi Redmi Note 10S Dual Chip 128GB 4G - RAM 8GB Global,195.0
55,Xiaomi Redmi Note 10S Dual Chip 128GB 4G - RAM 6GB Índia / Indonésia,182.5
56,Samsung Galaxy A03S SM-A037M Dual Chip 64GB 4G,130.0
57,Xiaomi Redmi 9 Activ Dual Chip 128GB 4G Índia / Indonésia,140.0
58,Apple iPhone 11 Pro 256GB Recondicionado,520.0
59,Xiaomi Redmi Note 8 Dual Chip 64GB 4G Global,173.5
60,Xiaomi Redmi 9A Sport Dual Chip 32GB 4G - RAM 2GB Índia / Indonésia,87.0
61,Apple iPhone 7 128GB Recondicionado,115.0
62,Apple iPhone 12 Pro 128GB Recondicionado,720.0
63,Samsung Galaxy A53 SM-A536E Dual Chip 128GB 5G,332.0
64,Xiaomi Redmi Note 11 Pro Plus Dual Chip 128GB 5G - RAM 6GB Global,306.0
65,Xiaomi Poco M3 Pro Dual Chip 128GB 5G Global,175.0
66,Apple iPhone 12 Pro Max 256GB Recondicionado,879.0
67,Apple iPhone 12 Pro 256GB Recondicionado,826.0
68,Apple iPhone XS Max 256GB Recondicionado,385.0
69,Blu C5 C110L Dual Chip 16GB 3G,52.9
70,Apple iPhone 12 128GB,735.0
71,Xiaomi Redmi Note 10S Dual Chip 64GB 4G Índia / Indonésia,159.75
72,Samsung Galaxy A23 SM-A235M Dual Chip 128GB 4G,199.0
73,Xiaomi Poco M4 Pro Dual Chip 128GB 4G Global,189.5
74,Apple iPhone X 64GB Recondicionado,245.0
75,Apple iPhone X 256GB Recondicionado,259.0
76,Xiaomi Redmi Note 11 Pro Dual Chip 128GB 5G - RAM 6GB Global,262.0
77,Xiaomi Redmi Note 10 Dual Chip 128GB 5G - RAM 4GB Global,168.0
78,Samsung Galaxy A33 SM-A336M Dual Chip 128GB 5G,276.9
79,Xiaomi 11 Lite NE Dual Chip 128GB 5G - RAM 8GB Global,268.49
80,Xiaomi Redmi 9 Activ Dual Chip 64GB 4G Índia / Indonésia,116.75
81,Xiaomi 11T Pro Dual Chip 256GB 5G - RAM 8GB Global,446.0
82,Blu Z5 Z215 Dual Chip,11.9
83,Apple iPhone 8 256GB Recondicionado,215.0
84,Apple iPhone 12 Pro Max 128GB Recondicionado,820.0
85,Xiaomi Redmi 10 Prime Dual Chip 64GB 4G Índia / Indonésia,129.5
86,Xiaomi Poco X4 Pro Dual Chip 128GB 5G Global,256.75
87,Samsung Galaxy A03 SM-A035M Dual Chip 32GB 4G,105.0
88,Xiaomi Redmi Note 10 Pro Dual Chip 128GB 4G - RAM 8GB Global,232.5
89,Realme 9i RMX3491 Dual Chip 128GB 4G,188.0
90,Xiaomi Poco M4 Pro Dual Chip 256GB 4G Global,220.0
91,Xiaomi 12X Dual Chip 128GB 5G Global,462.0
92,Xiaomi Redmi Note 10 Pro Dual Chip 128GB 4G - RAM 6GB Índia / Indonésia,196.0
93,Xiaomi Redmi 10A Dual Chip 64GB 4G Global,118.0
94,Apple iPhone 7 Plus 32GB Recondicionado,145.0
95,Apple iPhone 13 Pro Max 512GB,1545.0
96,Xiaomi Redmi Note 10S Dual Chip 128GB 4G - RAM 8GB Índia / Indonésia,195.0
97,Blu Z4 Z194 Dual Chip,11.9
98,Realme C21Y RMX3261 Dual Chip 64GB 4G,112.5
99,Xiaomi Redmi 10 Prime Dual Chip 128GB 4G Índia / Indonésia,159.0
